Identity,Object ID,Status,Details
100,__984e20fe9a1c404f80b4bf65e5104a0d,Success,Processed
100,__bab230a06c0d4c2897bc8ca5ff94229c,Success,Processed
100,__ce5eb2bd70ee4fdd98f4827fd650bfda,Success,Processed
100,__c0fccd1f70594dcba1669e7d0db274d5,Success,Processed
100,__c79125bf61354e41bb123cf2659f28af,Success,Processed
100,__67d65f9fb1154d688847a3a4b8a8515c,Success,Processed
100,__8a8db6ed108143eaa773dfcfb00605bd,Success,Processed
167267,__984e20fe9a1c404f80b4bf65e5104a0d,Success,Processed
167267,__bab230a06c0d4c2897bc8ca5ff94229c,Success,Processed
167267,__ce5eb2bd70ee4fdd98f4827fd650bfda,Success,Processed
167267,__c0fccd1f70594dcba1669e7d0db274d5,Success,Processed
167267,__c79125bf61354e41bb123cf2659f28af,Success,Processed
167267,__67d65f9fb1154d688847a3a4b8a8515c,Success,Processed
167267,__8a8db6ed108143eaa773dfcfb00605bd,Success,Processed
610260321,__gbead93bdae6940239dde83c72e64c2ec,Success,Processed
610260321,__89549839dd874e6687d3e1127a978928,Success,Processed
11102008,__526f49f79f924d16a0c2b37bc0dfca3a,Success,Processed
11102008,__af272802e00f4e29a9ec208926f96479,Success,Processed
7697679,__344ef24e5d574ebc9a40ab355d609c90,Success,Processed
7697674,__674444a7cd294d8b84ef2e2e305615db,Success,Processed
7697674,__15115babc836440e952ede0166446890,Success,Processed
7697674,__hh001,Success,Processed
38885,__2feb2b72dcba4e5a8b7606aef552bb76,Success,Processed
38885,__14d19cab437d4d9db5449ffa588d8a5e,Success,Processed
1978594685790743689,__2feb2b72dcba4e5a8b7606aef552bb76,Success,Processed
1978594685790743689,__14d19cab437d4d9db5449ffa588d8a5e,Success,Processed
355,__32cd806cc6254012ae6ae43cef399ac5,Success,Processed
355,__c656a0245445462583c835093daddb89,Success,Processed
355,__92949a7a6a4147b49eb869a13fd96a37,Success,Processed
3895,__32cd806cc6254012ae6ae43cef399ac5,Success,Processed
3895,__c656a0245445462583c835093daddb89,Success,Processed
3895,__92949a7a6a4147b49eb869a13fd96a37,Success,Processed
20500,__e2d9351be32c414bae11ad44b2c98768,Success,Processed
20501,__e2d9351be32c414bae11ad44b2c98768,Success,Processed
20701,__b479eebd7b6f4ffbb89faf35c236e16e,Success,Processed
97674,__fecc4e2d310e45c0b118e3f11fc9dd5b,Success,Processed
97674,__8e63e2665fc640c480f4abf4935c2841,Success,Processed
97674,__21aa8fbd9ec64e0595f9a4ee204aa7f9,Success,Processed
97674,__h002,Success,Processed
115,__7af15e7b975c45cbb0ce45811728f928,Success,Processed
115,__62c214ecd52d42d685dcf2a276acdaed,Success,Processed
115,__7b732a625dcc4853826bf8b8b022ee21,Success,Processed
115,__d19136834a2941cbbf3774fca719cd52,Success,Processed
9,__i24cf6d88753141019b7da40652f7cbff,Success,Processed
9,__2c7cf4df4d2a4c1fbefb231fd880e69a,Success,Processed
9,__185a0175f36b4869aff48ecf29b8353e,Success,Processed
9,__da7e9324835d4b7cbfd0759d8dfcb42d,Success,Processed
9,__faae53297f5c426e832a3f8673dfbaf8,Success,Processed
9,__9164fdb8fdb6488d9e99751bfa0e62b0,Success,Processed
9,__i487e45493f0344acb810c603cf4f162f,Success,Processed
9,__i41b6229ef6d246e29ae3e894e094eadc,Success,Processed
9,__h123345,Success,Processed
91,__i24cf6d88753141019b7da40652f7cbff,Success,Processed
91,__2c7cf4df4d2a4c1fbefb231fd880e69a,Success,Processed
91,__185a0175f36b4869aff48ecf29b8353e,Success,Processed
91,__da7e9324835d4b7cbfd0759d8dfcb42d,Success,Processed
91,__faae53297f5c426e832a3f8673dfbaf8,Success,Processed
91,__9164fdb8fdb6488d9e99751bfa0e62b0,Success,Processed
91,__i487e45493f0344acb810c603cf4f162f,Success,Processed
91,__i41b6229ef6d246e29ae3e894e094eadc,Success,Processed
91,__h123345,Success,Processed
92,__i24cf6d88753141019b7da40652f7cbff,Success,Processed
92,__2c7cf4df4d2a4c1fbefb231fd880e69a,Success,Processed
92,__185a0175f36b4869aff48ecf29b8353e,Success,Processed
92,__da7e9324835d4b7cbfd0759d8dfcb42d,Success,Processed
92,__faae53297f5c426e832a3f8673dfbaf8,Success,Processed
92,__9164fdb8fdb6488d9e99751bfa0e62b0,Success,Processed
92,__i487e45493f0344acb810c603cf4f162f,Success,Processed
92,__i41b6229ef6d246e29ae3e894e094eadc,Success,Processed
92,__h123345,Success,Processed
93,__i24cf6d88753141019b7da40652f7cbff,Success,Processed
93,__2c7cf4df4d2a4c1fbefb231fd880e69a,Success,Processed
93,__185a0175f36b4869aff48ecf29b8353e,Success,Processed
93,__da7e9324835d4b7cbfd0759d8dfcb42d,Success,Processed
93,__faae53297f5c426e832a3f8673dfbaf8,Success,Processed
93,__9164fdb8fdb6488d9e99751bfa0e62b0,Success,Processed
93,__i487e45493f0344acb810c603cf4f162f,Success,Processed
93,__i41b6229ef6d246e29ae3e894e094eadc,Success,Processed
93,__h123345,Success,Processed
98981293,__d79a2a62244d4adfa56ef07d9b9d683a,Success,Processed
98981293,__59e4bbabb25e4ebfa805c540995eebc6,Success,Processed
781787,__07c7f557189d4cfab81579f964e693bf,Success,Processed
781787,__03f815e64f2b46f6b9d32feb0dff2d72,Success,Processed
781787,__d040424c17644cdfa73ef6517c258bc8,Success,Processed
781787,__142552283f814c75b1c13a44a0ccec5c,Success,Processed
781787,__f71f3d91b09c4e219e979be63fa8e56f,Success,Processed
781787,__4d06e55b13964d99b3bf49ad473a2589,Success,Processed
77,__501afaf7c22f4c3d9d2966c34e6a230c,Success,Processed
27,__4a5e829b9ae446b8a63d078e0637bb97,Success,Processed
3,__5b9d3f0c20424e61aaf7240901f7606e,Success,Processed
3,__ffd314b3e6734670b24a3965a578d792,Success,Processed
11223112,__b6446f79231f40e793f3ac9aae4e50f9,Success,Processed
11223112,__43974760351a436da7957b15e3b4ac3b,Success,Processed
11223112,__376f9e82507c459cad10d5f9338cd94e,Success,Processed
999,__c34b3681fcd84f6f943554f302deb378,Success,Processed
999,__d4a27ef2b7944355b5de2c78a7f5fce5,Success,Processed
102,__d94a6f8fd22b41f3aa26db6fe2e6eb0a,Success,Processed
101,__5cdb659fd68044bcb6f34ac1115a829c,Success,Processed
101,__01dcf40e719849cfac16da104c223f23,Success,Processed
101,__29055c51193b45c3b0edc760659b94fc,Success,Processed
101,__838078d36a4d4373b156838b55d51f64,Success,Processed
101,__d646a60ee879483c82d9122922c81a7b,Success,Processed
123,__3323356e1a07496b9c2d65d466770f7b,Success,Processed
123,__52f981454cac4abaa8b0fc8f46d06cfc,Success,Processed
123,__4322feb38a7f41318aeeff798e748fe2,Success,Processed
123,__9b551909f9574403a68c199b276ec8ed,Success,Processed
123,__83e5b6a79fc24bd28bfbaa7f05133b65,Success,Processed
123,__f9d7d4d2ee544a828f6fe0c3cbb32066,Success,Processed
123,__74f781bcfef24f48bb87854c354ad95e,Success,Processed
902,__18fd5ae2f779492e89296a2202dd04b4,Success,Processed
75,__b9743a3dc8204a9780e9562edb593bc6,Success,Processed
218,__80e1f311bdea4e75b0241025ff15321b,Success,Processed
ID9090,__1d17403f60fc4659bbbe6b3d9208df80,Success,Processed
48687785,__9a7e25d188f548339a84afc91b2b17a5,Success,Processed
48687785,__1cc136b610844eb0b584cf6ffdb8b1c5,Success,Processed
400,__b387ca913bed4155ae0f902892fe2a6c,Success,Processed
400,__dea3cf48c0474a11a75f7be860932881,Success,Processed
400,__3adadc14500047919ece021a1714624a,Success,Processed
400,__a5b02496e2be4799b2ca3b955d0a6f23,Success,Processed
400,__e8b3ae51b49a48eca09b07e606fe727c,Success,Processed
20700,__b4a3983b827d41358e761482ac13b82f,Success,Processed
20700,__a918feb5c4af4149b8ca4b8a677b9a2a,Success,Processed
1,__h0001,Success,Processed
385663,__b4c544ad04c9402e96bd826fa1ba7f8b,Success,Processed
6769769,__11677aef15174e02a5c387249d2d2830,Success,Processed
6769769,__1607f9c2370545fa9917c94dec0f35e6,Success,Processed
6769769,__46c9cc13e52d45c2a7e6aaacc78764e1,Success,Processed
6769769,__hh1,Success,Processed
6769769,__5b85b18a00234733b9fadc781afe2f53,Success,Processed
6769769,__22fe16d9595a4973a05e646105084028,Success,Processed
6769769,__83e661da72944654942cc8e4c07b7837,Success,Processed
6769769,__7f1ffcb290664287bf2ec15d6fb7cb3c,Success,Processed
6769769,__67736ef6b47b4d65a8c3936a720acd87,Success,Processed
6769769,__0d50271732024fd99a5253e7f1ce311e,Success,Processed
6769769,__ee2537f1efff42c3be211d1f6893f5ea,Success,Processed
6769769,__eef4ccc83b134ec48a2a14ab56de008f,Success,Processed
6769769,__532a016e69674db3bc84d70af554252a,Success,Processed
6769769,__a9c48fd55de7494692925f736f95f4f1,Success,Processed
6769769,__2b3ca5b3ebe7486f8ee6ed9964c11927,Success,Processed
901,__218fd4410007409b93d99de3740f7f1a,Success,Processed
26,__cb0f0a2eb478447a8b12f2474675e231,Success,Processed
26,__e2d61fd51dad4eb598301fe650b5092b,Success,Processed
26,__52b11c701f2f4859b2179ba00b932255,Success,Processed
76,__8675a7128fa64f8386ef34a0c6f63129,Success,Processed
28,__ceb8048a6cd44d729887c45ae16f7b6b,Success,Processed
94,__300a21857e32407782d1b0a6e1214437,Success,Processed
30,__ca64152c0c17463a81aa968cd9df3bf2,Success,Processed
30,__f805432474744b9293f638c1ed0b4bf8,Success,Processed
30,__1e9df8472fb54c27967e32839cca3cfc,Success,Processed
30,__7c54661d0b1d421bb88fb89f2e58575f,Success,Processed
30,__7978dfc438fd4ae39f12af98d1b8224f,Success,Processed
30,__3d6331db235e4775a0a668f186d9b936,Success,Processed
1978594685790783689,__db610cda65d043ab8cedcdb8ff0f57d9,Success,Processed
6102603212242,__dcd9173721154bf59e192afcc75ae4d6,Success,Processed
shhsbk@gmail.com,__119337d9e0b3468b8c1aaef7aa899e67,Success,Processed
captain@america.com,__984e20fe9a1c404f80b4bf65e5104a0d,Success,Processed
captain@america.com,__bab230a06c0d4c2897bc8ca5ff94229c,Success,Processed
captain@america.com,__ce5eb2bd70ee4fdd98f4827fd650bfda,Success,Processed
captain@america.com,__c0fccd1f70594dcba1669e7d0db274d5,Success,Processed
captain@america.com,__c79125bf61354e41bb123cf2659f28af,Success,Processed
captain@america.com,__67d65f9fb1154d688847a3a4b8a8515c,Success,Processed
captain@america.com,__8a8db6ed108143eaa773dfcfb00605bd,Success,Processed
captain@america.com,__984e20fe9a1c404f80b4bf65e5104a0d,Success,Processed
captain@america.com,__bab230a06c0d4c2897bc8ca5ff94229c,Success,Processed
captain@america.com,__ce5eb2bd70ee4fdd98f4827fd650bfda,Success,Processed
captain@america.com,__c0fccd1f70594dcba1669e7d0db274d5,Success,Processed
captain@america.com,__c79125bf61354e41bb123cf2659f28af,Success,Processed
captain@america.com,__67d65f9fb1154d688847a3a4b8a8515c,Success,Processed
captain@america.com,__8a8db6ed108143eaa773dfcfb00605bd,Success,Processed
jak@gmail.com,__gbead93bdae6940239dde83c72e64c2ec,Success,Processed
jak@gmail.com,__89549839dd874e6687d3e1127a978928,Success,Processed
r@gmail.com,__526f49f79f924d16a0c2b37bc0dfca3a,Success,Processed
r@gmail.com,__af272802e00f4e29a9ec208926f96479,Success,Processed
he1yuj@clevertap.com,__2feb2b72dcba4e5a8b7606aef552bb76,Success,Processed
he1yuj@clevertap.com,__14d19cab437d4d9db5449ffa588d8a5e,Success,Processed
he1yuj@clevertap.com,__2feb2b72dcba4e5a8b7606aef552bb76,Success,Processed
he1yuj@clevertap.com,__14d19cab437d4d9db5449ffa588d8a5e,Success,Processed
he1byuj@clevertap.com,__32cd806cc6254012ae6ae43cef399ac5,Success,Processed
he1byuj@clevertap.com,__c656a0245445462583c835093daddb89,Success,Processed
he1byuj@clevertap.com,__92949a7a6a4147b49eb869a13fd96a37,Success,Processed
he1byuj@clevertap.com,__32cd806cc6254012ae6ae43cef399ac5,Success,Processed
he1byuj@clevertap.com,__c656a0245445462583c835093daddb89,Success,Processed
he1byuj@clevertap.com,__92949a7a6a4147b49eb869a13fd96a37,Success,Processed
hakjl@clevertap.com,__fecc4e2d310e45c0b118e3f11fc9dd5b,Success,Processed
hakjl@clevertap.com,__8e63e2665fc640c480f4abf4935c2841,Success,Processed
hakjl@clevertap.com,__21aa8fbd9ec64e0595f9a4ee204aa7f9,Success,Processed
hakjl@clevertap.com,__h002,Success,Processed
capin@america.com,__7af15e7b975c45cbb0ce45811728f928,Success,Processed
capin@america.com,__62c214ecd52d42d685dcf2a276acdaed,Success,Processed
capin@america.com,__7b732a625dcc4853826bf8b8b022ee21,Success,Processed
capin@america.com,__d19136834a2941cbbf3774fca719cd52,Success,Processed
test12345@gmail.com,__i24cf6d88753141019b7da40652f7cbff,Success,Processed
test12345@gmail.com,__2c7cf4df4d2a4c1fbefb231fd880e69a,Success,Processed
test12345@gmail.com,__185a0175f36b4869aff48ecf29b8353e,Success,Processed
test12345@gmail.com,__da7e9324835d4b7cbfd0759d8dfcb42d,Success,Processed
test12345@gmail.com,__faae53297f5c426e832a3f8673dfbaf8,Success,Processed
test12345@gmail.com,__9164fdb8fdb6488d9e99751bfa0e62b0,Success,Processed
test12345@gmail.com,__i487e45493f0344acb810c603cf4f162f,Success,Processed
test12345@gmail.com,__i41b6229ef6d246e29ae3e894e094eadc,Success,Processed
test12345@gmail.com,__h123345,Success,Processed
test12345@gmail.com,__i24cf6d88753141019b7da40652f7cbff,Success,Processed
test12345@gmail.com,__2c7cf4df4d2a4c1fbefb231fd880e69a,Success,Processed
test12345@gmail.com,__185a0175f36b4869aff48ecf29b8353e,Success,Processed
test12345@gmail.com,__da7e9324835d4b7cbfd0759d8dfcb42d,Success,Processed
test12345@gmail.com,__faae53297f5c426e832a3f8673dfbaf8,Success,Processed
test12345@gmail.com,__9164fdb8fdb6488d9e99751bfa0e62b0,Success,Processed
test12345@gmail.com,__i487e45493f0344acb810c603cf4f162f,Success,Processed
test12345@gmail.com,__i41b6229ef6d246e29ae3e894e094eadc,Success,Processed
test12345@gmail.com,__h123345,Success,Processed
test12345@gmail.com,__i24cf6d88753141019b7da40652f7cbff,Success,Processed
test12345@gmail.com,__2c7cf4df4d2a4c1fbefb231fd880e69a,Success,Processed
test12345@gmail.com,__185a0175f36b4869aff48ecf29b8353e,Success,Processed
test12345@gmail.com,__da7e9324835d4b7cbfd0759d8dfcb42d,Success,Processed
test12345@gmail.com,__faae53297f5c426e832a3f8673dfbaf8,Success,Processed
test12345@gmail.com,__9164fdb8fdb6488d9e99751bfa0e62b0,Success,Processed
test12345@gmail.com,__i487e45493f0344acb810c603cf4f162f,Success,Processed
test12345@gmail.com,__i41b6229ef6d246e29ae3e894e094eadc,Success,Processed
test12345@gmail.com,__h123345,Success,Processed
test12345@gmail.com,__i24cf6d88753141019b7da40652f7cbff,Success,Processed
test12345@gmail.com,__2c7cf4df4d2a4c1fbefb231fd880e69a,Success,Processed
test12345@gmail.com,__185a0175f36b4869aff48ecf29b8353e,Success,Processed
test12345@gmail.com,__da7e9324835d4b7cbfd0759d8dfcb42d,Success,Processed
test12345@gmail.com,__faae53297f5c426e832a3f8673dfbaf8,Success,Processed
test12345@gmail.com,__9164fdb8fdb6488d9e99751bfa0e62b0,Success,Processed
test12345@gmail.com,__i487e45493f0344acb810c603cf4f162f,Success,Processed
test12345@gmail.com,__i41b6229ef6d246e29ae3e894e094eadc,Success,Processed
test12345@gmail.com,__h123345,Success,Processed
hensaail@clevertap.com,__07c7f557189d4cfab81579f964e693bf,Success,Processed
hensaail@clevertap.com,__03f815e64f2b46f6b9d32feb0dff2d72,Success,Processed
hensaail@clevertap.com,__d040424c17644cdfa73ef6517c258bc8,Success,Processed
hensaail@clevertap.com,__142552283f814c75b1c13a44a0ccec5c,Success,Processed
hensaail@clevertap.com,__f71f3d91b09c4e219e979be63fa8e56f,Success,Processed
hensaail@clevertap.com,__4d06e55b13964d99b3bf49ad473a2589,Success,Processed
qq@gmail.com,__4a5e829b9ae446b8a63d078e0637bb97,Success,Processed
henil@clevertap.com,__2d4db871bb6b4bfaafd3f3bc0676c529,Success,Processed
henil@clevertap.com,__bbbc83da13d74d19869d2311223e7d36,Success,Processed
henil112@example.com,__b6446f79231f40e793f3ac9aae4e50f9,Success,Processed
henil112@example.com,__43974760351a436da7957b15e3b4ac3b,Success,Processed
henil112@example.com,__376f9e82507c459cad10d5f9338cd94e,Success,Processed
user999@clevertap.com,__c34b3681fcd84f6f943554f302deb378,Success,Processed
user999@clevertap.com,__d4a27ef2b7944355b5de2c78a7f5fce5,Success,Processed
caj@america.com,__d94a6f8fd22b41f3aa26db6fe2e6eb0a,Success,Processed
cabdhj@america.com,__5cdb659fd68044bcb6f34ac1115a829c,Success,Processed
cabdhj@america.com,__01dcf40e719849cfac16da104c223f23,Success,Processed
cabdhj@america.com,__29055c51193b45c3b0edc760659b94fc,Success,Processed
cabdhj@america.com,__838078d36a4d4373b156838b55d51f64,Success,Processed
cabdhj@america.com,__d646a60ee879483c82d9122922c81a7b,Success,Processed
ck@gmail.com,__3323356e1a07496b9c2d65d466770f7b,Success,Processed
ck@gmail.com,__52f981454cac4abaa8b0fc8f46d06cfc,Success,Processed
ck@gmail.com,__4322feb38a7f41318aeeff798e748fe2,Success,Processed
ck@gmail.com,__9b551909f9574403a68c199b276ec8ed,Success,Processed
ck@gmail.com,__83e5b6a79fc24bd28bfbaa7f05133b65,Success,Processed
ck@gmail.com,__f9d7d4d2ee544a828f6fe0c3cbb32066,Success,Processed
ck@gmail.com,__74f781bcfef24f48bb87854c354ad95e,Success,Processed
user902@clevertap.com,__18fd5ae2f779492e89296a2202dd04b4,Success,Processed
jack@gmail.com,__80e1f311bdea4e75b0241025ff15321b,Success,Processed
jack9090@gmail.com,__1d17403f60fc4659bbbe6b3d9208df80,Success,Processed
naadahbdjadk@clevertap.com,__9a7e25d188f548339a84afc91b2b17a5,Success,Processed
naadahbdjadk@clevertap.com,__1cc136b610844eb0b584cf6ffdb8b1c5,Success,Processed
het.gandhi2003@gmail.com,__b387ca913bed4155ae0f902892fe2a6c,Success,Processed
het.gandhi2003@gmail.com,__dea3cf48c0474a11a75f7be860932881,Success,Processed
het.gandhi2003@gmail.com,__3adadc14500047919ece021a1714624a,Success,Processed
het.gandhi2003@gmail.com,__a5b02496e2be4799b2ca3b955d0a6f23,Success,Processed
het.gandhi2003@gmail.com,__e8b3ae51b49a48eca09b07e606fe727c,Success,Processed
fr123@clevertap.com,__h0001,Success,Processed
teshada@gmail.com,__1dbf78db6137411892f5079f7ee8ea35,Success,Processed
he1acmkl@clevertap.com,__b4c544ad04c9402e96bd826fa1ba7f8b,Success,Processed
newuser2@gmail.com,__11677aef15174e02a5c387249d2d2830,Success,Processed
newuser2@gmail.com,__1607f9c2370545fa9917c94dec0f35e6,Success,Processed
newuser2@gmail.com,__46c9cc13e52d45c2a7e6aaacc78764e1,Success,Processed
newuser2@gmail.com,__hh1,Success,Processed
newuser2@gmail.com,__5b85b18a00234733b9fadc781afe2f53,Success,Processed
newuser2@gmail.com,__22fe16d9595a4973a05e646105084028,Success,Processed
newuser2@gmail.com,__83e661da72944654942cc8e4c07b7837,Success,Processed
newuser2@gmail.com,__7f1ffcb290664287bf2ec15d6fb7cb3c,Success,Processed
newuser2@gmail.com,__67736ef6b47b4d65a8c3936a720acd87,Success,Processed
newuser2@gmail.com,__0d50271732024fd99a5253e7f1ce311e,Success,Processed
newuser2@gmail.com,__ee2537f1efff42c3be211d1f6893f5ea,Success,Processed
newuser2@gmail.com,__eef4ccc83b134ec48a2a14ab56de008f,Success,Processed
newuser2@gmail.com,__532a016e69674db3bc84d70af554252a,Success,Processed
newuser2@gmail.com,__a9c48fd55de7494692925f736f95f4f1,Success,Processed
newuser2@gmail.com,__2b3ca5b3ebe7486f8ee6ed9964c11927,Success,Processed
user901@clevertap.com,__218fd4410007409b93d99de3740f7f1a,Success,Processed
q@gmail.com,__cb0f0a2eb478447a8b12f2474675e231,Success,Processed
q@gmail.com,__e2d61fd51dad4eb598301fe650b5092b,Success,Processed
q@gmail.com,__52b11c701f2f4859b2179ba00b932255,Success,Processed
adn@gmail.com,__ceb8048a6cd44d729887c45ae16f7b6b,Success,Processed
test123456@gmail.com,__300a21857e32407782d1b0a6e1214437,Success,Processed
an@gmail.com,__ca64152c0c17463a81aa968cd9df3bf2,Success,Processed
an@gmail.com,__f805432474744b9293f638c1ed0b4bf8,Success,Processed
an@gmail.com,__1e9df8472fb54c27967e32839cca3cfc,Success,Processed
an@gmail.com,__7c54661d0b1d421bb88fb89f2e58575f,Success,Processed
an@gmail.com,__7978dfc438fd4ae39f12af98d1b8224f,Success,Processed
an@gmail.com,__3d6331db235e4775a0a668f186d9b936,Success,Processed
naadk@clevertap.com,__db610cda65d043ab8cedcdb8ff0f57d9,Success,Processed
jadadaak@gmail.com,__dcd9173721154bf59e192afcc75ae4d6,Success,Processed
